/*
SQLyog Community Edition- MySQL GUI v8.05 
MySQL - 5.5.5-10.1.38-MariaDB : Database - ceek_panel
*********************************************************************
*/

/*!40101 SET NAMES utf8 */;

/*!40101 SET SQL_MODE=''*/;

/*!40014 SET @OLD_FOREIGN_KEY_CHECKS=@@FOREIGN_KEY_CHECKS, FOREIGN_KEY_CHECKS=0 */;
/*!40101 SET @OLD_SQL_MODE=@@SQL_MODE, SQL_MODE='NO_AUTO_VALUE_ON_ZERO' */;

CREATE DATABASE /*!32312 IF NOT EXISTS*/`ceek_panel` /*!40100 DEFAULT CHARACTER SET utf8 */;

USE `ceek_panel`;

/*Table structure for table `category` */

DROP TABLE IF EXISTS `category`;

CREATE TABLE `category` (
  `id` int(11) NOT NULL AUTO_INCREMENT,
  `title` varchar(255) DEFAULT NULL,
  `sub_title` varchar(255) DEFAULT NULL,
  `url` text,
  PRIMARY KEY (`id`)
) ENGINE=InnoDB AUTO_INCREMENT=10 DEFAULT CHARSET=utf8;

/*Data for the table `category` */

insert  into `category`(`id`,`title`,`sub_title`,`url`) values (1,'TV Program','Star','https://www.startv.com.tr/programlar'),(2,'TV Series','Star','https://www.startv.com.tr/dizi'),(3,'TV Program','KanalD','https://www.kanald.com.tr/programlar'),(4,'TV Series','KanalD','https://www.kanald.com.tr/diziler'),(5,'TV Program','FOX','https://www.fox.com.tr/program-izle'),(6,'TV Series','FOX','https://www.fox.com.tr/dizi-izle'),(7,'TV Program','Show','https://www.showtv.com.tr/programlar'),(8,'TV Series','Show','https://www.showtv.com.tr/diziler'),(9,'TV Series','DiziBox','https://www.dizibox.pw/tum-bolumler');

/*Table structure for table `cron_jobs` */

DROP TABLE IF EXISTS `cron_jobs`;

CREATE TABLE `cron_jobs` (
  `id` int(11) NOT NULL AUTO_INCREMENT,
  `page` varchar(50) DEFAULT NULL,
  `param_id` int(11) DEFAULT NULL,
  `last_time` int(11) DEFAULT NULL,
  `is_run` int(1) DEFAULT '0',
  `is_log` int(1) DEFAULT '1',
  PRIMARY KEY (`id`)
) ENGINE=InnoDB AUTO_INCREMENT=32 DEFAULT CHARSET=utf8;

/*Data for the table `cron_jobs` */

insert  into `cron_jobs`(`id`,`page`,`param_id`,`last_time`,`is_run`,`is_log`) values (8,'youtube',7,1573783827,1,1),(9,'stream',119,1574253093,1,1),(10,'stream',117,1574253093,1,1),(11,'stream',31106,1574253093,1,1),(12,'stream',23095,1574253093,1,1),(13,'youtube',8,1574253146,1,1),(14,'stream',178,1574253093,1,1),(15,'stream',175,1574253093,1,1),(16,'stream',162,1574253093,1,1),(17,'stream',157,1574247654,0,1),(20,'stream',165,1574247667,0,1),(21,'stream',177,1574247672,0,1),(22,'stream',20684,1574247911,0,1),(23,'stream',23090,1574247913,0,1),(24,'stream',23092,1574253093,1,0),(26,'stream',23094,1574247919,0,1),(27,'stream',23093,1574253093,1,1),(28,'stream',22732,1574247934,0,1),(29,'stream',22549,1574247935,0,1),(30,'stream',21735,1574247935,0,1),(31,'stream',208,1574248737,0,1);

/*Table structure for table `cron_logs` */

DROP TABLE IF EXISTS `cron_logs`;

CREATE TABLE `cron_logs` (
  `id` int(11) NOT NULL AUTO_INCREMENT,
  `cron_id` int(11) DEFAULT NULL,
  `message` varchar(500) DEFAULT NULL,
  `keywords` varchar(255) DEFAULT NULL,
  `status` int(1) DEFAULT '1',
  `created_at` int(11) DEFAULT NULL,
  PRIMARY KEY (`id`)
) ENGINE=InnoDB AUTO_INCREMENT=50 DEFAULT CHARSET=utf8;

/*Data for the table `cron_logs` */

insert  into `cron_logs`(`id`,`cron_id`,`message`,`keywords`,`status`,`created_at`) values (48,10,'Sending 2 messages about Check Stream TRT SPOR','TRT SPOR',1,1574253093),(49,13,'There is no youtube video file which is uploaded 20min ~ 24hour.','Çok güzel hareketler bunlar 2',0,1574253146);

/*Table structure for table `customer_logs` */

DROP TABLE IF EXISTS `customer_logs`;

CREATE TABLE `customer_logs` (
  `id` int(11) NOT NULL AUTO_INCREMENT,
  `user` int(11) DEFAULT NULL,
  `mag_id` int(11) DEFAULT NULL,
  `user_id` int(11) DEFAULT NULL,
  `old_exp_date` int(11) DEFAULT NULL,
  `exp_date` int(11) DEFAULT NULL,
  `old_bouquet` text,
  `bouquet` text,
  `old_mac` varchar(50) DEFAULT NULL,
  `mac` varchar(50) DEFAULT NULL,
  `created_at` int(11) DEFAULT NULL,
  `is_create` tinyint(4) DEFAULT '0',
  PRIMARY KEY (`id`)
) ENGINE=InnoDB AUTO_INCREMENT=39 DEFAULT CHARSET=utf8;

/*Data for the table `customer_logs` */

insert  into `customer_logs`(`id`,`user`,`mag_id`,`user_id`,`old_exp_date`,`exp_date`,`old_bouquet`,`bouquet`,`old_mac`,`mac`,`created_at`,`is_create`) values (2,2,1,2,1598976666,1598976666,'[9,11,13,14,15,16,17,30,31,34,35,36,40]','[9,11,14,16,17,30,31,34,35,36,40',NULL,NULL,1570643761,0),(3,2,2254,2315,0,0,'[10,14,15,16,17]','[10,14,15,16,17]',NULL,NULL,1572174808,1),(4,2,2255,2316,5304114,5304114,'[11,13,14,16,27]','[11,13,14,16,27]',NULL,NULL,1572175389,1),(5,2,3,4,1573719960,1573651560,'[9,10,11,13,14,15,16,17,27,30,31,32,34,35]','[9,10,13,15,16,17,27,30,31,32,34,35]',NULL,NULL,1572176094,1),(6,2,3,4,1573651560,1573651560,'[9,10,13,15,16,17,27,30,31,32,34,35]','[9,10,13,15,17,27,30,31,32,34,35]',NULL,NULL,1572176122,0),(7,2,9,11,1575106740,1575034740,'[9,10,11,13,14,15,16,17,27,30,31,32,34,35]','[9,10,13,15,16,17,27,30,31,32,34,35]',NULL,NULL,1572176551,0),(8,2,9,0,1575034740,1572165751,'[9,10,13,15,16,17,27,30,32,34,35]','[31]',NULL,NULL,1572176562,0),(9,2,7,9,1601543040,1601474640,'[9,10,11,13,14,15,16,17,27,30,31,32,34,35]','[9,10,11,14,15,16,17,27,30,31,32,34,35]',NULL,NULL,1572176804,0),(10,2,2256,2317,5305628,5305628,'[11,13]','[11,13]',NULL,NULL,1572176840,1),(11,2,1,2,0,0,'[9,11,14,15,16,17,27,30,31,32,34,35]','[9,11,14,15,16,17,27,30,31,32,34,35]','MDA6MUE6Nzk6MzE6MEU6RkU=','MDA6MUE6Nzk6MzE6MEU6RkE=',1573091380,0),(12,2,2260,2321,1568784798,1568784798,'[11,13,14,15,16]','[11,13,14,15,16]','QVNERlNBREZBU0RG','QVNERlNBREZBU0RG',1573198414,1),(13,2,2260,2321,1568784798,1568730798,'[11,13,14,15,16]','[11,13,14,15,16]','QVNERlNBREZBU0RG','QVNERlNBREYsQVNERg==',1573201779,0),(14,2,2260,2321,1568730798,1568730798,'[11,13,14,15,16]','[11,13,14,15,16]','QVNERlNBREYsQVNERg==','REYsU0RG',1573201848,0),(15,2,2260,2321,1568730798,1568730798,'[11,13,14,15,16]','[11,13,14,15,16]','REYsU0RG','U0FERkFTREY=',1573201873,0),(16,2,2260,2321,1568730798,1568734398,'[11,13,14,15,16]','[11,13,14,15,16]','U0FERkFTREY=','MDA6QUI6Q0Q6RUY6MTI6MzQ=',1573203070,0),(17,2,2260,2321,1568734398,1568734398,'[11,13,14,15,16]','[11,13,14,15,16]','MDA6QUI6Q0Q6RUY6MTI6MzQ=','MDA6QTE6Q0Q6RUY6MTI6MzQ=',1573203227,0),(18,2,2261,2322,1568338937,1568338937,'[]','[10,11]','','MDA6MUE6Nzk6MzE6MEU6Rkc=',1573789523,1),(19,2,1,2,0,0,'[9,11,14,15,16,17,27,30,31,32,34,35]','[9,11,15,16,17,27,30,31,32,34,35]','MDA6MUE6Nzk6MzE6MEU6RkE=','MDA6MUE6Nzk6MzE6MEU6RkE=',1573789600,0),(20,2,1,2,0,0,'[9,11,15,16,17,27,30,31,32,34,35]','[9,11,15,16,17,27,30,31,32,34,35,36,40]','MDA6MUE6Nzk6MzE6MEU6RkE=','MDA6MUE6Nzk6MzE6MEU6RkE=',1573789614,0),(21,2,2262,2323,0,0,'[]','[11,13,14,15,34,35]','','MDA6QUI6Q0Q6RUY6MTI6MzQ=',1573789660,1),(22,2,1,2,0,0,'[9,11,15,16,17,27,30,31,32,34,35,36,40]','[9,11,15,16,17,27,30,31,32,34,35,36,40]','MDA6MUE6Nzk6MzE6MEU6RkE=','MDA6MUE6Nzk6MzE6MEU6RkE=',1573902379,0),(23,2,1,2,0,0,'[9,11,15,16,17,27,30,31,32,34,35,36,40]','[9,11,15,16,27,30,31,32,34,35,36,40]','MDA6MUE6Nzk6MzE6MEU6RkE=','MDA6MUE6Nzk6MzE6MEU6RkE=',1573902400,0),(24,2,2263,2324,0,0,'[]','[13,14]','','MDA6MUE6Nzk6MzE6MEU6RjA=',1573902425,1),(25,2,2264,2325,0,0,'[]','[10,13]','','MDA6MUE6Nzk6MzE6MEU6QUE=',1573904474,1),(26,2,1,2,0,0,'[9,11,15,16,27,30,31,32,34,35,36,40]','[9,11,15,16,27,30,31,32,34,35,36,40]','MDA6MUE6Nzk6MzE6MEU6RkE=','MDA6MUE6Nzk6MzE6MEU6RkE=',1573904511,0),(27,2,1,2,0,0,'[9,11,15,16,27,30,31,32,34,35,36,40]','[9,11,15,27,30,31,32,34,35,36,40]','MDA6MUE6Nzk6MzE6MEU6RkE=','MDA6MUE6Nzk6MzE6MEU6RkE=',1573904517,0),(28,2,2265,2326,1569836642,1569836642,'[]','[10]','','MDA6MUE6Nzk6MzE6MEU6QkI=',1573904658,1),(29,2,2266,2327,1569836642,1569836642,'[]','[10]','','MDA6MUE6Nzk6MzE6MEU6QkM=',1573904692,1),(30,2,2267,2328,1568886347,1568886347,'[]','[11,13]','','MDA6MUE6Nzk6MzE6MEU6Q0M=',1573904757,1),(31,2,1,2,0,0,'[9,11,15,27,30,31,32,34,35,36,40]','[9,15,27,30,31,32,34,35,36,40]','MDA6MUE6Nzk6MzE6MEU6RkE=','MDA6MUE6Nzk6MzE6MEU6RkE=',1573904775,0),(32,2,1,2,0,0,'[9,15,27,30,31,32,34,35,36,40]','[9,14,15,16,27,30,31,32,34,35,36,40]','MDA6MUE6Nzk6MzE6MEU6RkE=','MDA6MUE6Nzk6MzE6MEU6RkE=',1573904780,0),(33,2,1,2,0,5305582,'[9,14,15,16,27,30,31,32,34,35,36,40]','[9,14,15,16,27,30,31,32,34,35,36,40]','MDA6MUE6Nzk6MzE6MEU6RkE=','MDA6MUE6Nzk6MzE6MEU6RkE=',1573904787,0),(34,2,1,2,5305582,5237182,'[9,14,15,16,27,30,31,32,34,35,36,40]','[9,14,15,16,27,30,31,32,34,35,36,40]','MDA6MUE6Nzk6MzE6MEU6RkE=','MDA6MUE6Nzk6MzE6MEU6RkE=',1573904790,0),(35,2,1,2,5237182,5240782,'[9,14,15,16,27,30,31,32,34,35,36,40]','[9,14,15,16,27,30,31,32,34,35,36,40]','MDA6MUE6Nzk6MzE6MEU6RkE=','MDA6MUE6Nzk6MzE6MEU6RkE=',1573905248,0),(36,2,1,2,5240782,5240782,'[9,14,15,16,27,30,31,32,34,35,36,40]','[9,14,15,16,30,31,32,34,35,36,40]','MDA6MUE6Nzk6MzE6MEU6RkE=','MDA6MUE6Nzk6MzE6MEU6RkE=',1573905252,0),(37,2,1,2,5240782,5240782,'[9,14,15,16,30,31,32,34,35,36,40]','[9,14,15,16,17,30,31,32,34,35,36,40]','MDA6MUE6Nzk6MzE6MEU6RkE=','MDA6MUE6Nzk6MzE6MEU6RkE=',1573905254,0),(38,2,2268,2329,0,0,'[]','[13,14]','','MDA6MUE6Nzk6MzE6MEU6REQ=',1573905267,1);

/*Table structure for table `dbs` */

DROP TABLE IF EXISTS `dbs`;

CREATE TABLE `dbs` (
  `id` int(11) NOT NULL AUTO_INCREMENT,
  `host` varchar(255) DEFAULT NULL,
  `port` int(11) DEFAULT NULL,
  `username` varchar(255) DEFAULT NULL,
  `password` varchar(255) DEFAULT NULL,
  `db_name` varchar(255) DEFAULT NULL,
  PRIMARY KEY (`id`)
) ENGINE=InnoDB AUTO_INCREMENT=3 DEFAULT CHARSET=utf8;

/*Data for the table `dbs` */

insert  into `dbs`(`id`,`host`,`port`,`username`,`password`,`db_name`) values (1,'139.99.208.195',7999,'bahri','2334323','bahri_db'),(2,'localhost',3306,'root','','ceek_test');

/*Table structure for table `manage_youtube` */

DROP TABLE IF EXISTS `manage_youtube`;

CREATE TABLE `manage_youtube` (
  `id` int(11) NOT NULL AUTO_INCREMENT,
  `username` varchar(255) DEFAULT NULL,
  `channel` varchar(255) DEFAULT NULL,
  `keywords` varchar(255) DEFAULT NULL,
  `tv_series` int(11) DEFAULT NULL,
  `folderpath` varchar(255) DEFAULT NULL,
  PRIMARY KEY (`id`)
) ENGINE=InnoDB AUTO_INCREMENT=9 DEFAULT CHARSET=utf8;

/*Data for the table `manage_youtube` */

insert  into `manage_youtube`(`id`,`username`,`channel`,`keywords`,`tv_series`,`folderpath`) values (7,'sdaf','UC7G8qP446Mwd3DwUQf_-N5w','Savaşçı',48,'/home/axx/xxx'),(8,'Bkmmutfaktv','','Çok güzel hareketler bunlar 2',188,'/home/xtreamcodes/iptv_xtream_codes/wwwdir/diziler/tv-programlari/cokguzel');

/*Table structure for table `pages` */

DROP TABLE IF EXISTS `pages`;

CREATE TABLE `pages` (
  `id` int(11) NOT NULL AUTO_INCREMENT,
  `name` varchar(255) DEFAULT NULL,
  `title` varchar(255) DEFAULT NULL,
  `is_show` int(1) DEFAULT '1',
  `bar_title` varchar(255) DEFAULT NULL,
  `icon` varchar(255) DEFAULT NULL,
  `sort` int(11) DEFAULT NULL,
  `parent_id` int(11) DEFAULT '0',
  `is_default` int(11) DEFAULT '0',
  `permission` varchar(255) DEFAULT NULL,
  `db` int(1) DEFAULT '1',
  PRIMARY KEY (`id`)
) ENGINE=InnoDB AUTO_INCREMENT=40 DEFAULT CHARSET=utf8;

/*Data for the table `pages` */

insert  into `pages`(`id`,`name`,`title`,`is_show`,`bar_title`,`icon`,`sort`,`parent_id`,`is_default`,`permission`,`db`) values (1,'home','Dashboard',1,'Dashboard','entypo-monitor',1,0,1,'1',1),(2,'info','Database Connection',1,'Database Connection','entypo-link',2,0,0,'1',0),(3,'add_mag','Add New MAG Device',1,'Add New MAG Device','entypo-plus',3,0,0,'1,2',1),(4,'manage_mag','Manage MAG Devices',1,'Manage MAG Devices','entypo-tools',4,0,0,'1',1),(5,'add_series','Add New Series',1,'Add New Series','entypo-docs',1,25,0,'1',1),(6,'tv_series','TV Series',1,'TV Series','entypo-window',2,25,0,'1',1),(7,'offline_streams','Offline streams',1,'Offline Streams','entypo-flow-branch',3,26,0,'1',1),(8,'manage_streams','Manage streams',1,'Manage Streams','entypo-magnet',2,26,0,'1',1),(9,'add_streams','Add TV Series Episode',0,'Add New Stream','entypo-publish',1,26,0,'1',1),(10,'manage_vod','List VOD Videos',1,'List VOD Videos','entypo-cloud',2,27,0,'1',1),(11,'add_vod','Add New VOD',1,'Add New VOD','entypo-rocket',1,27,0,'1',1),(12,'show_logs','Show Logs',1,'Show Log History','entypo-doc-text-inv',9,0,0,'1',1),(13,'edit_mag','Show and Edit Mag Devices',1,'Show and Edit MAGs','entypo-vcard',4,0,2,'2',1),(14,'login','Log In',0,'','',0,0,0,'1,2',0),(15,'logout','',0,'','',0,0,0,'1,2',0),(16,'dizi_system','',1,'Dizi Sistemi','entypo-flow-tree',10,0,0,'1',0),(17,'show_atv_star','List All TV Series - Star',1,'Star','entypo-flow-line',1,16,0,'1',0),(18,'show_atv_kanald','List All TV Series - KanalD',1,'KanalD','entypo-flow-line',2,16,0,'1',0),(19,'show_atv_fox','List All TV Series - FOX',1,'FOX','entypo-flow-line',3,16,0,'1',0),(20,'show_atv_show','List All TV Series - Show',1,'Show','entypo-flow-line',4,16,0,'1',0),(21,'show_atv_dizibox','List All TV Series - DiziBox',1,'DiziBox','entypo-flow-line',5,16,0,'1',0),(22,'edit_youtube','Edit YouTube',1,'Edit YouTube','entypo-play',1,28,0,'1',1),(23,'manage_youtube','Manage YouTube',1,'Manage YouTube','entypo-print',2,28,0,'1',1),(25,'series','',1,'Series','entypo-window',6,0,0,'1',1),(26,'streams','',1,'Streams','entypo-magnet',7,0,0,'1',1),(27,'vod','',1,'VOD','entypo-cloud',8,0,0,'1',1),(28,'youtube','',1,'YouTube','entypo-play',11,0,0,'1',1),(29,'show_youtube','Show Youtube Logs',1,'Youtube Logs','entypo-newspaper',3,28,0,'1',1),(30,'check_streams','Check Streams',0,'Check Streams','entypo-check',4,26,0,'1',1),(31,'cron_jobs','',1,'Cron Jobs','entypo-clock',13,0,0,'1',1),(32,'setting_check_stream','Settings about Check Stream Cron Jobs',1,'Check Stream Settings','entypo-database',5,26,0,'1',0),(33,'users','',1,'Users','entypo-users',12,0,0,'1',1),(34,'edit_user','Add & Edit User',1,'Add New User','entypo-user-add',1,33,0,'1',0),(35,'show_users','Show All Users',1,'Manage Users','entypo-users',2,33,0,'1',0),(36,'setting_youtube','Settings about YouTube Cron Jobs',1,'YouTube Cron Settings','entypo-database',4,28,0,'1',1),(37,'cron_job','',0,'','',0,0,0,'1',1),(38,'manage_cron','Manage Cron Jobs',1,'Manage Cron Jobs','entypo-bell',1,31,0,'1',1),(39,'show_cron','Cron Job Logs',1,'Cron Job Logs','entypo-chat',2,31,0,'1',0);

/*Table structure for table `settings` */

DROP TABLE IF EXISTS `settings`;

CREATE TABLE `settings` (
  `id` int(11) NOT NULL AUTO_INCREMENT,
  `setting_key` varchar(255) DEFAULT NULL,
  `setting_val` varchar(255) DEFAULT NULL,
  `created_at` int(11) DEFAULT NULL,
  PRIMARY KEY (`id`)
) ENGINE=InnoDB AUTO_INCREMENT=11 DEFAULT CHARSET=utf8;

/*Data for the table `settings` */

insert  into `settings`(`id`,`setting_key`,`setting_val`,`created_at`) values (1,'check_stream','5',1573787703),(2,'check_message','Hello, Bahri. %s channel is not working! Check it immediately.',1573787703),(3,'check_youtube_7_hour','5,6,7,8,9',1574243072),(4,'check_youtube_7_day','0,1,2,3',1574243072),(5,'check_phone_1','+61410547171',1573787703),(6,'check_message_frame','Hello, Bahri. %s channel doesnt have any frame! Check it immediately.',1573787703),(7,'check_youtube_8_hour','6,7,8,9,10,11,12,13,14,15,16,17,18,19,20,21,22,23',1574243901),(8,'check_youtube_8_day','2,3',1574243901),(9,'check_youtube_7_minute','25,30,35,40',1574243072),(10,'check_youtube_8_minute','0,9,10,32',1574243901);

/*Table structure for table `tv_series` */

DROP TABLE IF EXISTS `tv_series`;

CREATE TABLE `tv_series` (
  `id` int(11) NOT NULL AUTO_INCREMENT,
  `title` text,
  `category_id` int(11) DEFAULT NULL,
  `url` text,
  `thumbnail` text,
  `is_downloaded` int(1) DEFAULT '0',
  PRIMARY KEY (`id`)
) ENGINE=InnoDB AUTO_INCREMENT=286 DEFAULT CHARSET=utf8;

/*Data for the table `tv_series` */

insert  into `tv_series`(`id`,`title`,`category_id`,`url`,`thumbnail`,`is_downloaded`) values (1,'\rKocam Yaparsa\r',1,'https://www.startv.com.tr/video/arsiv/program/kocam-yaparsa','data:image/gif;base64,R0lGODlhAQABAAAAACH5BAEKAAEALAAAAAABAAEAAAICTAEAOw==',0),(2,'\rNergis Zamanı\r',1,'https://www.startv.com.tr/video/arsiv/program/nergis-zamani','data:image/gif;base64,R0lGODlhAQABAAAAACH5BAEKAAEALAAAAAABAAEAAAICTAEAOw==',0),(3,'\rEyvah Düşüyorum\r',1,'https://www.startv.com.tr/video/arsiv/program/eyvah-dusuyorum','data:image/gif;base64,R0lGODlhAQABAAAAACH5BAEKAAEALAAAAAABAAEAAAICTAEAOw==',0),(4,'\rHalil Necipoğlu ile Ramazan Bereketi\r',1,'https://www.startv.com.tr/video/arsiv/program/halil-necipoglu-ile-ramazan-bereketi','data:image/gif;base64,R0lGODlhAQABAAAAACH5BAEKAAEALAAAAAABAAEAAAICTAEAOw==',0),(5,'\rGeleceğin Starı\r',1,'https://www.startv.com.tr/video/arsiv/program/gelecegin-stari','data:image/gif;base64,R0lGODlhAQABAAAAACH5BAEKAAEALAAAAAABAAEAAAICTAEAOw==',0),(6,'\rOlay Yeri Balçiçek İlter\r',1,'https://www.startv.com.tr/video/arsiv/program/balcicek-lter-ile-olay-yeri','data:image/gif;base64,R0lGODlhAQABAAAAACH5BAEKAAEALAAAAAABAAEAAAICTAEAOw==',0),(7,'\rÇarkıfelek\r',1,'https://www.startv.com.tr/video/arsiv/program/carkifelek2017','data:image/gif;base64,R0lGODlhAQABAAAAACH5BAEKAAEALAAAAAABAAEAAAICTAEAOw==',0),(8,'\rFatih Çıtlak ile Ramazan Bereketi\r',1,'https://www.startv.com.tr/video/arsiv/program/fatih-citlak-ile-ramazan-bereketi-2017','data:image/gif;base64,R0lGODlhAQABAAAAACH5BAEKAAEALAAAAAABAAEAAAICTAEAOw==',0),(9,'\rMesut Yar Sunar\r',1,'https://www.startv.com.tr/video/arsiv/program/mesut-yar-sunar','data:image/gif;base64,R0lGODlhAQABAAAAACH5BAEKAAEALAAAAAABAAEAAAICTAEAOw==',0),(10,'\rBir Hülya Avşar Sohbeti\r',1,'https://www.startv.com.tr/video/arsiv/program/bir-hulya-avsar-sohbeti','data:image/gif;base64,R0lGODlhAQABAAAAACH5BAEKAAEALAAAAAABAAEAAAICTAEAOw==',0),(11,'\rDuymayan Kalmasın\r',1,'https://www.startv.com.tr/video/arsiv/program/duymayan-kalmasin-2016','data:image/gif;base64,R0lGODlhAQABAAAAACH5BAEKAAEALAAAAAABAAEAAAICTAEAOw==',0),(12,'\rAşk Kafe\r',1,'https://www.startv.com.tr/video/arsiv/program/ask-kafe','data:image/gif;base64,R0lGODlhAQABAAAAACH5BAEKAAEALAAAAAABAAEAAAICTAEAOw==',0),(13,'\rEğlendirme Dairesi\r',1,'https://www.startv.com.tr/video/arsiv/program/eglendirme-dairesi','data:image/gif;base64,R0lGODlhAQABAAAAACH5BAEKAAEALAAAAAABAAEAAAICTAEAOw==',0),(14,'\rMisafir Ol Gel Bana\r',1,'https://www.startv.com.tr/video/arsiv/program/misafir-ol-gel-bana','data:image/gif;base64,R0lGODlhAQABAAAAACH5BAEKAAEALAAAAAABAAEAAAICTAEAOw==',0),(15,'\rEzgi Sertel İle Lezzetin Haritası ',1,'https://www.startv.com.tr/video/arsiv/program/ezgi-sertel-ile-lezzetin-haritasi','data:image/gif;base64,R0lGODlhAQABAAAAACH5BAEKAAEALAAAAAABAAEAAAICTAEAOw==',0),(16,'\rEvleneceksen Gel\r',1,'https://www.startv.com.tr/video/arsiv/program/evleneceksen-gel','data:image/gif;base64,R0lGODlhAQABAAAAACH5BAEKAAEALAAAAAABAAEAAAICTAEAOw==',0),(17,'\rFatih Çıtlak ile Sahur Bereketi\r',1,'https://www.startv.com.tr/video/arsiv/program/fatih-citlak-ile-sahur-bereketi','data:image/gif;base64,R0lGODlhAQABAAAAACH5BAEKAAEALAAAAAABAAEAAAICTAEAOw==',0),(18,'\rBig Brother Türkiye\r',1,'https://www.startv.com.tr/video/arsiv/program/big-brother-turkiye','data:image/gif;base64,R0lGODlhAQABAAAAACH5BAEKAAEALAAAAAABAAEAAAICTAEAOw==',0),(19,'\rBen Olsam\r',1,'https://www.startv.com.tr/video/arsiv/program/ben-olsam','data:image/gif;base64,R0lGODlhAQABAAAAACH5BAEKAAEALAAAAAABAAEAAAICTAEAOw==',0),(20,'\rÇarkıfelek\r',1,'https://www.startv.com.tr/video/arsiv/program/carkifelek','data:image/gif;base64,R0lGODlhAQABAAAAACH5BAEKAAEALAAAAAABAAEAAAICTAEAOw==',0),(21,'\rElimin Lezzeti\r',1,'https://www.startv.com.tr/video/arsiv/program/elimin-lezzeti','data:image/gif;base64,R0lGODlhAQABAAAAACH5BAEKAAEALAAAAAABAAEAAAICTAEAOw==',0),(22,'\rPatron\r',1,'https://www.startv.com.tr/video/arsiv/program/patron','data:image/gif;base64,R0lGODlhAQABAAAAACH5BAEKAAEALAAAAAABAAEAAAICTAEAOw==',0),(23,'\rBenzemez Kimse Sana\r',1,'https://www.startv.com.tr/video/arsiv/program/benzemez-kimse-sana','data:image/gif;base64,R0lGODlhAQABAAAAACH5BAEKAAEALAAAAAABAAEAAAICTAEAOw==',0),(24,'\rMahşer-i Cümbüş\r',1,'https://www.startv.com.tr/video/arsiv/program/mahser-i-cumbus','data:image/gif;base64,R0lGODlhAQABAAAAACH5BAEKAAEALAAAAAABAAEAAAICTAEAOw==',0),(25,'\rDada\r',1,'https://www.startv.com.tr/video/arsiv/program/dada','data:image/gif;base64,R0lGODlhAQABAAAAACH5BAEKAAEALAAAAAABAAEAAAICTAEAOw==',0),(26,'\rVe Kazanan\r',1,'https://www.startv.com.tr/video/arsiv/program/ve-kazanan','data:image/gif;base64,R0lGODlhAQABAAAAACH5BAEKAAEALAAAAAABAAEAAAICTAEAOw==',0),(27,'\rStar Life\r',1,'https://www.startv.com.tr/video/arsiv/program/starlife','data:image/gif;base64,R0lGODlhAQABAAAAACH5BAEKAAEALAAAAAABAAEAAAICTAEAOw==',0),(28,'\rHayat Sevince Güzel\r',1,'https://www.startv.com.tr/video/arsiv/program/hayat-sevince-guzel','data:image/gif;base64,R0lGODlhAQABAAAAACH5BAEKAAEALAAAAAABAAEAAAICTAEAOw==',0),(29,'\rGözüm Üstünde\r',1,'https://www.startv.com.tr/video/arsiv/program/gozum-ustunde','data:image/gif;base64,R0lGODlhAQABAAAAACH5BAEKAAEALAAAAAABAAEAAAICTAEAOw==',0),(30,'\rMehmet Ali ile Adını Sen Koy\r',1,'https://www.startv.com.tr/video/arsiv/program/mehmet-ali-ile-adini-sen-koy','data:image/gif;base64,R0lGODlhAQABAAAAACH5BAEKAAEALAAAAAABAAEAAAICTAEAOw==',0),(31,'\rBenim Kuaförüm\r',1,'https://www.startv.com.tr/video/arsiv/program/benim-kuaforum','data:image/gif;base64,R0lGODlhAQABAAAAACH5BAEKAAEALAAAAAABAAEAAAICTAEAOw==',0),(32,'\rFatih Çıtlak ile Sahur Bereketi ',1,'https://www.startv.com.tr/video/arsiv/program/fatih-citlak-ile-sahur-bereketi-2014','data:image/gif;base64,R0lGODlhAQABAAAAACH5BAEKAAEALAAAAAABAAEAAAICTAEAOw==',0),(33,'\rO Ses Çocuklar\r',1,'https://www.startv.com.tr/video/arsiv/program/o-ses-cocuklar','data:image/gif;base64,R0lGODlhAQABAAAAACH5BAEKAAEALAAAAAABAAEAAAICTAEAOw==',0),(34,'\rVay Arkadaş\r',1,'https://www.startv.com.tr/video/arsiv/program/vay-arkadas','data:image/gif;base64,R0lGODlhAQABAAAAACH5BAEKAAEALAAAAAABAAEAAAICTAEAOw==',0),(35,'\rEyvah Düşüyorum\r',1,'https://www.startv.com.tr/video/arsiv/program/eyvah-dusuyorum-2016','data:image/gif;base64,R0lGODlhAQABAAAAACH5BAEKAAEALAAAAAABAAEAAAICTAEAOw==',0),(36,'\rMucize Lezzetler\r',1,'https://www.startv.com.tr/video/arsiv/program/mucize-lezzetler','data:image/gif;base64,R0lGODlhAQABAAAAACH5BAEKAAEALAAAAAABAAEAAAICTAEAOw==',0),(37,'\rSüper Dadı\r',1,'https://www.startv.com.tr/video/arsiv/program/super-dadi','data:image/gif;base64,R0lGODlhAQABAAAAACH5BAEKAAEALAAAAAABAAEAAAICTAEAOw==',0),(38,'\rKim O!\r',1,'https://www.startv.com.tr/video/arsiv/program/kim-o','data:image/gif;base64,R0lGODlhAQABAAAAACH5BAEKAAEALAAAAAABAAEAAAICTAEAOw==',0),(39,'\rİnan Bana\r',1,'https://www.startv.com.tr/video/arsiv/program/inan-bana','data:image/gif;base64,R0lGODlhAQABAAAAACH5BAEKAAEALAAAAAABAAEAAAICTAEAOw==',0),(40,'\rNe Güzel Evim\r',1,'https://www.startv.com.tr/video/arsiv/program/ne-guzel-evim','data:image/gif;base64,R0lGODlhAQABAAAAACH5BAEKAAEALAAAAAABAAEAAAICTAEAOw==',0),(41,'\rBaston Takımı\r',1,'https://www.startv.com.tr/video/arsiv/program/baston-takimi','data:image/gif;base64,R0lGODlhAQABAAAAACH5BAEKAAEALAAAAAABAAEAAAICTAEAOw==',0),(42,'\rYap Bakalım\r',1,'https://www.startv.com.tr/video/arsiv/program/yap-bakalim','data:image/gif;base64,R0lGODlhAQABAAAAACH5BAEKAAEALAAAAAABAAEAAAICTAEAOw==',0),(43,'\rÇocuk Oyuncağı\r',1,'https://www.startv.com.tr/video/arsiv/program/cocuk-oyuncagi','data:image/gif;base64,R0lGODlhAQABAAAAACH5BAEKAAEALAAAAAABAAEAAAICTAEAOw==',0),(44,'\rStarlife\r',1,'https://www.startv.com.tr/video/arsiv/program/star-life','data:image/gif;base64,R0lGODlhAQABAAAAACH5BAEKAAEALAAAAAABAAEAAAICTAEAOw==',0),(45,'\rTürkiye Müzik Ödülleri\r',1,'https://www.startv.com.tr/video/arsiv/program/turkiye-muzik-odulleri','data:image/gif;base64,R0lGODlhAQABAAAAACH5BAEKAAEALAAAAAABAAEAAAICTAEAOw==',0),(46,'\rÇılgın Teyzeler\r',1,'https://www.startv.com.tr/video/arsiv/program/cilgin-teyzeler','data:image/gif;base64,R0lGODlhAQABAAAAACH5BAEKAAEALAAAAAABAAEAAAICTAEAOw==',0),(47,'\rSurvivor\r',1,'https://www.startv.com.tr/video/arsiv/program/survivor','data:image/gif;base64,R0lGODlhAQABAAAAACH5BAEKAAEALAAAAAABAAEAAAICTAEAOw==',0),(48,'\r3 Adam\r',1,'https://www.startv.com.tr/video/arsiv/program/3-adam','data:image/gif;base64,R0lGODlhAQABAAAAACH5BAEKAAEALAAAAAABAAEAAAICTAEAOw==',0),(49,'\rPopstar 2013\r',1,'https://www.startv.com.tr/video/arsiv/program/popstar-2013','data:image/gif;base64,R0lGODlhAQABAAAAACH5BAEKAAEALAAAAAABAAEAAAICTAEAOw==',0),(50,'\rSevgili Dünürüm\r',1,'https://www.startv.com.tr/video/arsiv/program/sevgili-dunurum','data:image/gif;base64,R0lGODlhAQABAAAAACH5BAEKAAEALAAAAAABAAEAAAICTAEAOw==',0),(51,'\rFilm Gibi\r',1,'https://www.startv.com.tr/video/arsiv/program/film-gibi','data:image/gif;base64,R0lGODlhAQABAAAAACH5BAEKAAEALAAAAAABAAEAAAICTAEAOw==',0),(52,'\rUEFA Avrupa Ligi\r',1,'https://www.startv.com.tr/video/arsiv/program/uefa-avrupa-ligi','data:image/gif;base64,R0lGODlhAQABAAAAACH5BAEKAAEALAAAAAABAAEAAAICTAEAOw==',0),(53,'\rNedir Ne Değildir\r',1,'https://www.startv.com.tr/video/arsiv/program/nedir-ne-degildir','data:image/gif;base64,R0lGODlhAQABAAAAACH5BAEKAAEALAAAAAABAAEAAAICTAEAOw==',0),(54,'\rEn Güzel Bölüm\r',1,'https://www.startv.com.tr/video/arsiv/program/en-guzel-bolum','data:image/gif;base64,R0lGODlhAQABAAAAACH5BAEKAAEALAAAAAABAAEAAAICTAEAOw==',0),(55,'\rO Ses Türkiye\r',1,'https://www.startv.com.tr/video/arsiv/program/o-ses-turkiye','data:image/gif;base64,R0lGODlhAQABAAAAACH5BAEKAAEALAAAAAABAAEAAAICTAEAOw==',0),(56,'\rYetenek Sizsiniz Türkiye ',1,'https://www.startv.com.tr/video/arsiv/program/yetenek-sizsiniz-turkiye','data:image/gif;base64,R0lGODlhAQABAAAAACH5BAEKAAEALAAAAAABAAEAAAICTAEAOw==',0),(57,'\rŞampiyonlar Ligi\r',1,'https://www.startv.com.tr/video/arsiv/program/sampiyonlar-ligi','data:image/gif;base64,R0lGODlhAQABAAAAACH5BAEKAAEALAAAAAABAAEAAAICTAEAOw==',0),(58,'\rHalil Necipoğlu ile Sahur\r',1,'https://www.startv.com.tr/video/arsiv/program/halil-necipoglu-ile-sahur','data:image/gif;base64,R0lGODlhAQABAAAAACH5BAEKAAEALAAAAAABAAEAAAICTAEAOw==',0),(59,'\rKutsal Yolculuk Hicret\r',1,'https://www.startv.com.tr/video/arsiv/program/kutsal-yolculuk-hicret','data:image/gif;base64,R0lGODlhAQABAAAAACH5BAEKAAEALAAAAAABAAEAAAICTAEAOw==',0),(60,'\rAlişan ile Sevcan\r',1,'https://www.startv.com.tr/video/arsiv/program/alisan-ile-sevcan','data:image/gif;base64,R0lGODlhAQABAAAAACH5BAEKAAEALAAAAAABAAEAAAICTAEAOw==',0),(61,'\rBenzemez Kimse Sana\r',1,'https://www.startv.com.tr/video/arsiv/program/benzemez-kimse-sana-2012','data:image/gif;base64,R0lGODlhAQABAAAAACH5BAEKAAEALAAAAAABAAEAAAICTAEAOw==',0),(62,'\rSüper StarLife\r',1,'https://www.startv.com.tr/video/arsiv/program/superstarlife','data:image/gif;base64,R0lGODlhAQABAAAAACH5BAEKAAEALAAAAAABAAEAAAICTAEAOw==',0),(63,'\rBenim Güzel Evim\r',1,'https://www.startv.com.tr/video/arsiv/program/benimguzelevim','data:image/gif;base64,R0lGODlhAQABAAAAACH5BAEKAAEALAAAAAABAAEAAAICTAEAOw==',0),(64,'\rEvim Mis Evim\r',1,'https://www.startv.com.tr/video/arsiv/program/evimmisevim-587','data:image/gif;base64,R0lGODlhAQABAAAAACH5BAEKAAEALAAAAAABAAEAAAICTAEAOw==',0),(65,'\rYeni Bir Hayat\r',1,'https://www.startv.com.tr/video/arsiv/program/yenibirhayat','data:image/gif;base64,R0lGODlhAQABAAAAACH5BAEKAAEALAAAAAABAAEAAAICTAEAOw==',0),(66,'\rBüyük Risk\r',1,'https://www.startv.com.tr/video/arsiv/program/buyukrisk','data:image/gif;base64,R0lGODlhAQABAAAAACH5BAEKAAEALAAAAAABAAEAAAICTAEAOw==',0),(67,'\rKüçük Şeyler\r',1,'https://www.startv.com.tr/video/arsiv/program/ustundokmenlekucukseyler','data:image/gif;base64,R0lGODlhAQABAAAAACH5BAEKAAEALAAAAAABAAEAAAICTAEAOw==',0),(68,'\rMelek\r',1,'https://www.startv.com.tr/video/arsiv/program/melek','data:image/gif;base64,R0lGODlhAQABAAAAACH5BAEKAAEALAAAAAABAAEAAAICTAEAOw==',0),(69,'\rEyvah Düşüyorum\r',1,'https://www.startv.com.tr/video/arsiv/program/eyvahdusuyorum-2013','data:image/gif;base64,R0lGODlhAQABAAAAACH5BAEKAAEALAAAAAABAAEAAAICTAEAOw==',0),(70,'\rGelin Duymasın\r',1,'https://www.startv.com.tr/video/arsiv/program/gelinduymasin','data:image/gif;base64,R0lGODlhAQABAAAAACH5BAEKAAEALAAAAAABAAEAAAICTAEAOw==',0),(71,'\rMukabele\r',1,'https://www.startv.com.tr/video/arsiv/program/mukabele-556','data:image/gif;base64,R0lGODlhAQABAAAAACH5BAEKAAEALAAAAAABAAEAAAICTAEAOw==',0),(72,'\rYerden Göğe\r',1,'https://www.startv.com.tr/video/arsiv/program/yerdengoge','data:image/gif;base64,R0lGODlhAQABAAAAACH5BAEKAAEALAAAAAABAAEAAAICTAEAOw==',0),(73,'\rMatrax\r',1,'https://www.startv.com.tr/video/arsiv/program/matrax','data:image/gif;base64,R0lGODlhAQABAAAAACH5BAEKAAEALAAAAAABAAEAAAICTAEAOw==',0),(74,'\rBul Bakalım\r',1,'https://www.startv.com.tr/video/arsiv/program/bulbakalim','data:image/gif;base64,R0lGODlhAQABAAAAACH5BAEKAAEALAAAAAABAAEAAAICTAEAOw==',0),(75,'\rPasaport\r',1,'https://www.startv.com.tr/video/arsiv/program/pasaport','data:image/gif;base64,R0lGODlhAQABAAAAACH5BAEKAAEALAAAAAABAAEAAAICTAEAOw==',0),(76,'\rPişşti ',1,'https://www.startv.com.tr/video/arsiv/program/pissti-542','data:image/gif;base64,R0lGODlhAQABAAAAACH5BAEKAAEALAAAAAABAAEAAAICTAEAOw==',0),(77,'\rStar Akademi ',1,'https://www.startv.com.tr/video/arsiv/program/starakademi','data:image/gif;base64,R0lGODlhAQABAAAAACH5BAEKAAEALAAAAAABAAEAAAICTAEAOw==',0),(78,'\rSoframız\r',1,'https://www.startv.com.tr/video/arsiv/program/soframiz','data:image/gif;base64,R0lGODlhAQABAAAAACH5BAEKAAEALAAAAAABAAEAAAICTAEAOw==',0),(79,'\rGecekondu\r',1,'https://www.startv.com.tr/video/arsiv/program/gecekondu','data:image/gif;base64,R0lGODlhAQABAAAAACH5BAEKAAEALAAAAAABAAEAAAICTAEAOw==',0),(80,'\rHaneler\r',1,'https://www.startv.com.tr/video/arsiv/program/haneler','data:image/gif;base64,R0lGODlhAQABAAAAACH5BAEKAAEALAAAAAABAAEAAAICTAEAOw==',0),(81,'\rExtra Extra Small\r',1,'https://www.startv.com.tr/video/arsiv/program/extraextrasmall','data:image/gif;base64,R0lGODlhAQABAAAAACH5BAEKAAEALAAAAAABAAEAAAICTAEAOw==',0),(82,'\rBana Bunlarla Gel\r',1,'https://www.startv.com.tr/video/arsiv/program/banabunlarlagel','data:image/gif;base64,R0lGODlhAQABAAAAACH5BAEKAAEALAAAAAABAAEAAAICTAEAOw==',0),(83,'\rÇat Kapı\r',1,'https://www.startv.com.tr/video/arsiv/program/catkapi-269','data:image/gif;base64,R0lGODlhAQABAAAAACH5BAEKAAEALAAAAAABAAEAAAICTAEAOw==',0),(84,'\rDr. Öz Show\r',1,'https://www.startv.com.tr/video/arsiv/program/drozshow-267','data:image/gif;base64,R0lGODlhAQABAAAAACH5BAEKAAEALAAAAAABAAEAAAICTAEAOw==',0),(85,'\rÇocuktan Al Haberi\r',1,'https://www.startv.com.tr/video/arsiv/program/cocuktanalhaberi','data:image/gif;base64,R0lGODlhAQABAAAAACH5BAEKAAEALAAAAAABAAEAAAICTAEAOw==',0),(86,'\rİbo Show\r',1,'https://www.startv.com.tr/video/arsiv/program/iboshow','data:image/gif;base64,R0lGODlhAQABAAAAACH5BAEKAAEALAAAAAABAAEAAAICTAEAOw==',0),(87,'\rFear Factor Aksiyon\r',1,'https://www.startv.com.tr/video/arsiv/program/fearfactoraksiyon','data:image/gif;base64,R0lGODlhAQABAAAAACH5BAEKAAEALAAAAAABAAEAAAICTAEAOw==',0),(88,'\rErkenci Kuş\r',2,'https://www.startv.com.tr/video/arsiv/dizi/erkenci-kus','data:image/gif;base64,R0lGODlhAQABAAAAACH5BAEKAAEALAAAAAABAAEAAAICTAEAOw==',0),(89,'\rKalbimin Sultanı\r',2,'https://www.startv.com.tr/video/arsiv/dizi/kalbimin-sultani','data:image/gif;base64,R0lGODlhAQABAAAAACH5BAEKAAEALAAAAAABAAEAAAICTAEAOw==',0),(90,'\rNefes Nefese\r',2,'https://www.startv.com.tr/video/arsiv/dizi/nefes-nefese','data:image/gif;base64,R0lGODlhAQABAAAAACH5BAEKAAEALAAAAAABAAEAAAICTAEAOw==',0),(91,'\rAvlu\r',2,'https://www.startv.com.tr/video/arsiv/dizi/avlu','data:image/gif;base64,R0lGODlhAQABAAAAACH5BAEKAAEALAAAAAABAAEAAAICTAEAOw==',0),(92,'\rJet Sosyete ',2,'https://www.startv.com.tr/video/arsiv/dizi/jet-sosyete','data:image/gif;base64,R0lGODlhAQABAAAAACH5BAEKAAEALAAAAAABAAEAAAICTAEAOw==',0),(93,'\rHayat Sırları ',2,'https://www.startv.com.tr/video/arsiv/dizi/hayat-sirlari','data:image/gif;base64,R0lGODlhAQABAAAAACH5BAEKAAEALAAAAAABAAEAAAICTAEAOw==',0),(94,'\rUfak Tefek Cinayetler\r',2,'https://www.startv.com.tr/video/arsiv/dizi/ufak-tefek-cinayetler','data:image/gif;base64,R0lGODlhAQABAAAAACH5BAEKAAEALAAAAAABAAEAAAICTAEAOw==',0),(95,'\rBabamın Günahları\r',2,'https://www.startv.com.tr/video/arsiv/dizi/babamin-gunahlari','data:image/gif;base64,R0lGODlhAQABAAAAACH5BAEKAAEALAAAAAABAAEAAAICTAEAOw==',0),(96,'\rSiyah İnci\r',2,'https://www.startv.com.tr/video/arsiv/dizi/siyah-inci','data:image/gif;base64,R0lGODlhAQABAAAAACH5BAEKAAEALAAAAAABAAEAAAICTAEAOw==',0),(97,'\rAdını Sen Koy\r',2,'https://www.startv.com.tr/video/arsiv/dizi/adini-sen-koy','data:image/gif;base64,R0lGODlhAQABAAAAACH5BAEKAAEALAAAAAABAAEAAAICTAEAOw==',0),(98,'\rBörü\r',2,'https://www.startv.com.tr/video/arsiv/dizi/boru','data:image/gif;base64,R0lGODlhAQABAAAAACH5BAEKAAEALAAAAAABAAEAAAICTAEAOw==',0),(99,'\rDolunay\r',2,'https://www.startv.com.tr/video/arsiv/dizi/dolunay','data:image/gif;base64,R0lGODlhAQABAAAAACH5BAEKAAEALAAAAAABAAEAAAICTAEAOw==',0),(100,'\rAteşböceği\r',2,'https://www.startv.com.tr/video/arsiv/dizi/atesbocegi','data:image/gif;base64,R0lGODlhAQABAAAAACH5BAEKAAEALAAAAAABAAEAAAICTAEAOw==',0),(101,'\rTürk Malı Aile Komedisi\r',2,'https://www.startv.com.tr/video/arsiv/dizi/turk-mali','data:image/gif;base64,R0lGODlhAQABAAAAACH5BAEKAAEALAAAAAABAAEAAAICTAEAOw==',0),(102,'\rFazilet Hanım ve Kızları\r',2,'https://www.startv.com.tr/video/arsiv/dizi/fazilet-hanim-ve-kizlari','data:image/gif;base64,R0lGODlhAQABAAAAACH5BAEKAAEALAAAAAABAAEAAAICTAEAOw==',0),(103,'\rSöz\r',2,'https://www.startv.com.tr/video/arsiv/dizi/soz','data:image/gif;base64,R0lGODlhAQABAAAAACH5BAEKAAEALAAAAAABAAEAAAICTAEAOw==',0),(104,'\rİstanbullu Gelin\r',2,'https://www.startv.com.tr/video/arsiv/dizi/istanbullu-gelin','data:image/gif;base64,R0lGODlhAQABAAAAACH5BAEKAAEALAAAAAABAAEAAAICTAEAOw==',0),(105,'\rYıldızlar Şahidim\r',2,'https://www.startv.com.tr/video/arsiv/dizi/yildizlar-sahidim','data:image/gif;base64,R0lGODlhAQABAAAAACH5BAEKAAEALAAAAAABAAEAAAICTAEAOw==',0),(106,'\rÇember\r',2,'https://www.startv.com.tr/video/arsiv/dizi/cember','data:image/gif;base64,R0lGODlhAQABAAAAACH5BAEKAAEALAAAAAABAAEAAAICTAEAOw==',0),(107,'\rİçimdeki Fırtına\r',2,'https://www.startv.com.tr/video/arsiv/dizi/icimdeki-firtina','data:image/gif;base64,R0lGODlhAQABAAAAACH5BAEKAAEALAAAAAABAAEAAAICTAEAOw==',0),(108,'\rCesur ve Güzel\r',2,'https://www.startv.com.tr/video/arsiv/dizi/cesur-ve-guzel','data:image/gif;base64,R0lGODlhAQABAAAAACH5BAEKAAEALAAAAAABAAEAAAICTAEAOw==',0),(109,'\rHayat Bazen Tatlıdır\r',2,'https://www.startv.com.tr/video/arsiv/dizi/hayat-bazen-tatlidir','data:image/gif;base64,R0lGODlhAQABAAAAACH5BAEKAAEALAAAAAABAAEAAAICTAEAOw==',0),(110,'\rAnne\r',2,'https://www.startv.com.tr/video/arsiv/dizi/anne','data:image/gif;base64,R0lGODlhAQABAAAAACH5BAEKAAEALAAAAAABAAEAAAICTAEAOw==',0),(111,'\rŞahane Damat\r',2,'https://www.startv.com.tr/video/arsiv/dizi/sahane-damat','data:image/gif;base64,R0lGODlhAQABAAAAACH5BAEKAAEALAAAAAABAAEAAAICTAEAOw==',0),(112,'\rYüksek Sosyete\r',2,'https://www.startv.com.tr/video/arsiv/dizi/yuksek-sosyete','data:image/gif;base64,R0lGODlhAQABAAAAACH5BAEKAAEALAAAAAABAAEAAAICTAEAOw==',0),(113,'\rHanım Köylü\r',2,'https://www.startv.com.tr/video/arsiv/dizi/hanim-koylu','data:image/gif;base64,R0lGODlhAQABAAAAACH5BAEKAAEALAAAAAABAAEAAAICTAEAOw==',0),(114,'\rGöç Zamanı\r',2,'https://www.startv.com.tr/video/arsiv/dizi/goc-zamani','data:image/gif;base64,R0lGODlhAQABAAAAACH5BAEKAAEALAAAAAABAAEAAAICTAEAOw==',0),(115,'\rGecenin Kraliçesi\r',2,'https://www.startv.com.tr/video/arsiv/dizi/gecenin-kralicesi','data:image/gif;base64,R0lGODlhAQABAAAAACH5BAEKAAEALAAAAAABAAEAAAICTAEAOw==',0),(116,'\rHatırla Gönül\r',2,'https://www.startv.com.tr/video/arsiv/dizi/hatirla-gonul','data:image/gif;base64,R0lGODlhAQABAAAAACH5BAEKAAEALAAAAAABAAEAAAICTAEAOw==',0),(117,'\rKara Sevda\r',2,'https://www.startv.com.tr/video/arsiv/dizi/kara-sevda','data:image/gif;base64,R0lGODlhAQABAAAAACH5BAEKAAEALAAAAAABAAEAAAICTAEAOw==',0),(118,'\rTatlı Küçük Yalancılar\r',2,'https://www.startv.com.tr/video/arsiv/dizi/tatli-kucuk-yalancilar','data:image/gif;base64,R0lGODlhAQABAAAAACH5BAEKAAEALAAAAAABAAEAAAICTAEAOw==',0),(119,'\rKiralık Aşk\r',2,'https://www.startv.com.tr/video/arsiv/dizi/kiralik-ask','data:image/gif;base64,R0lGODlhAQABAAAAACH5BAEKAAEALAAAAAABAAEAAAICTAEAOw==',0),(120,'\rÇilek Kokusu\r',2,'https://www.startv.com.tr/video/arsiv/dizi/cilek-kokusu','data:image/gif;base64,R0lGODlhAQABAAAAACH5BAEKAAEALAAAAAABAAEAAAICTAEAOw==',0),(121,'\rSerçe Sarayı\r',2,'https://www.startv.com.tr/video/arsiv/dizi/serce-sarayi','data:image/gif;base64,R0lGODlhAQABAAAAACH5BAEKAAEALAAAAAABAAEAAAICTAEAOw==',0),(122,'\rUrfalıyam Ezelden ',2,'https://www.startv.com.tr/video/arsiv/dizi/urfaliyam-ezelden','data:image/gif;base64,R0lGODlhAQABAAAAACH5BAEKAAEALAAAAAABAAEAAAICTAEAOw==',0),(123,'\rParamparça\r',2,'https://www.startv.com.tr/video/arsiv/dizi/paramparca','data:image/gif;base64,R0lGODlhAQABAAAAACH5BAEKAAEALAAAAAABAAEAAAICTAEAOw==',0),(124,'\rKaderimin Yazıldığı Gün\r',2,'https://www.startv.com.tr/video/arsiv/dizi/kaderimin-yazildigi-gun','data:image/gif;base64,R0lGODlhAQABAAAAACH5BAEKAAEALAAAAAABAAEAAAICTAEAOw==',0),(125,'\rGönül İşleri\r',2,'https://www.startv.com.tr/video/arsiv/dizi/gonul-isleri','data:image/gif;base64,R0lGODlhAQABAAAAACH5BAEKAAEALAAAAAABAAEAAAICTAEAOw==',0),(126,'\rDeniz Yıldızı\r',2,'https://www.startv.com.tr/video/arsiv/dizi/deniz-yildizi','data:image/gif;base64,R0lGODlhAQABAAAAACH5BAEKAAEALAAAAAABAAEAAAICTAEAOw==',0),(127,'\rGüzel Köylü\r',2,'https://www.startv.com.tr/video/arsiv/dizi/guzel-koylu','data:image/gif;base64,R0lGODlhAQABAAAAACH5BAEKAAEALAAAAAABAAEAAAICTAEAOw==',0),(128,'\rKardeş Payı\r',2,'https://www.startv.com.tr/video/arsiv/dizi/kardespayi','data:image/gif;base64,R0lGODlhAQABAAAAACH5BAEKAAEALAAAAAABAAEAAAICTAEAOw==',0),(129,'\rKurt Seyit ve Şura İstanbul\r',2,'https://www.startv.com.tr/video/arsiv/dizi/kurt-seyit-ve-sura','data:image/gif;base64,R0lGODlhAQABAAAAACH5BAEKAAEALAAAAAABAAEAAAICTAEAOw==',0),(130,'\rBen de Özledim\r',2,'https://www.startv.com.tr/video/arsiv/dizi/ben-de-ozledim','data:image/gif;base64,R0lGODlhAQABAAAAACH5BAEKAAEALAAAAAABAAEAAAICTAEAOw==',0),(131,'\rAşkın Bedeli\r',2,'https://www.startv.com.tr/video/arsiv/dizi/askin-bedeli','data:image/gif;base64,R0lGODlhAQABAAAAACH5BAEKAAEALAAAAAABAAEAAAICTAEAOw==',0),(132,'\rAramızda Kalsın\r',2,'https://www.startv.com.tr/video/arsiv/dizi/aramizda-kalsin','data:image/gif;base64,R0lGODlhAQABAAAAACH5BAEKAAEALAAAAAABAAEAAAICTAEAOw==',0),(133,'\rBenim Hala Umudum Var\r',2,'https://www.startv.com.tr/video/arsiv/dizi/benim-hala-umudum-var','data:image/gif;base64,R0lGODlhAQABAAAAACH5BAEKAAEALAAAAAABAAEAAAICTAEAOw==',0),(134,'\rFırıldak Ailesi ',2,'https://www.startv.com.tr/video/arsiv/dizi/firildak-ailesi','data:image/gif;base64,R0lGODlhAQABAAAAACH5BAEKAAEALAAAAAABAAEAAAICTAEAOw==',0),(135,'\rAğır Roman Yeni Dünya\r',2,'https://www.startv.com.tr/video/arsiv/dizi/agir-roman-yeni-dunya','data:image/gif;base64,R0lGODlhAQABAAAAACH5BAEKAAEALAAAAAABAAEAAAICTAEAOw==',0),(136,'\rBabalar ve Evlatlar\r',2,'https://www.startv.com.tr/video/arsiv/dizi/babalar-ve-evlatlar','data:image/gif;base64,R0lGODlhAQABAAAAACH5BAEKAAEALAAAAAABAAEAAAICTAEAOw==',0),(137,'\rEvlerden Biri\r',2,'https://www.startv.com.tr/video/arsiv/dizi/evlerden-biri','data:image/gif;base64,R0lGODlhAQABAAAAACH5BAEKAAEALAAAAAABAAEAAAICTAEAOw==',0),(138,'\rSudan Bıkmış Balıklar\r',2,'https://www.startv.com.tr/video/arsiv/dizi/sudan-bikmis-baliklar','data:image/gif;base64,R0lGODlhAQABAAAAACH5BAEKAAEALAAAAAABAAEAAAICTAEAOw==',0),(139,'\rHayatımın Rolü\r',2,'https://www.startv.com.tr/video/arsiv/dizi/hayatimin-rolu','data:image/gif;base64,R0lGODlhAQABAAAAACH5BAEKAAEALAAAAAABAAEAAAICTAEAOw==',0),(140,'\rİbreti Ailem\r',2,'https://www.startv.com.tr/video/arsiv/dizi/ibreti-ailem','data:image/gif;base64,R0lGODlhAQABAAAAACH5BAEKAAEALAAAAAABAAEAAAICTAEAOw==',0),(141,'\rİşler Güçler\r',2,'https://www.startv.com.tr/video/arsiv/dizi/isler-gucler','data:image/gif;base64,R0lGODlhAQABAAAAACH5BAEKAAEALAAAAAABAAEAAAICTAEAOw==',0),(142,'\rKüçük Hesaplar\r',2,'https://www.startv.com.tr/video/arsiv/dizi/kucukhesaplar','data:image/gif;base64,R0lGODlhAQABAAAAACH5BAEKAAEALAAAAAABAAEAAAICTAEAOw==',0),(143,'\rAcayip Hikayeler\r',2,'https://www.startv.com.tr/video/arsiv/dizi/acayiphikayeler','data:image/gif;base64,R0lGODlhAQABAAAAACH5BAEKAAEALAAAAAABAAEAAAICTAEAOw==',0),(144,'\rBeni Affet\r',2,'https://www.startv.com.tr/video/arsiv/dizi/beniaffet','data:image/gif;base64,R0lGODlhAQABAAAAACH5BAEKAAEALAAAAAABAAEAAAICTAEAOw==',0),(145,'\rBir Çocuk Sevdim\r',2,'https://www.startv.com.tr/video/arsiv/dizi/bircocuksevdim','data:image/gif;base64,R0lGODlhAQABAAAAACH5BAEKAAEALAAAAAABAAEAAAICTAEAOw==',0),(146,'\rKalbim 4 Mevsim\r',2,'https://www.startv.com.tr/video/arsiv/dizi/kalbim4mevsim','data:image/gif;base64,R0lGODlhAQABAAAAACH5BAEKAAEALAAAAAABAAEAAAICTAEAOw==',0),(147,'\rKoyu Kırmızı\r',2,'https://www.startv.com.tr/video/arsiv/dizi/koyukirmizi','data:image/gif;base64,R0lGODlhAQABAAAAACH5BAEKAAEALAAAAAABAAEAAAICTAEAOw==',0),(148,'\rBir Ömür Yetmez\r',2,'https://www.startv.com.tr/video/arsiv/dizi/biromuryetmez','data:image/gif;base64,R0lGODlhAQABAAAAACH5BAEKAAEALAAAAAABAAEAAAICTAEAOw==',0),(149,'\rTek Başımıza\r',2,'https://www.startv.com.tr/video/arsiv/dizi/tekbasimiza','data:image/gif;base64,R0lGODlhAQABAAAAACH5BAEKAAEALAAAAAABAAEAAAICTAEAOw==',0),(150,'\rAkasya Durağı\r',2,'https://www.startv.com.tr/video/arsiv/dizi/akasyaduragi','data:image/gif;base64,R0lGODlhAQABAAAAACH5BAEKAAEALAAAAAABAAEAAAICTAEAOw==',0),(151,'\rFirar\r',2,'https://www.startv.com.tr/video/arsiv/dizi/firar','data:image/gif;base64,R0lGODlhAQABAAAAACH5BAEKAAEALAAAAAABAAEAAAICTAEAOw==',0),(152,'\rYalancı Bahar\r',2,'https://www.startv.com.tr/video/arsiv/dizi/yalancibahar','data:image/gif;base64,R0lGODlhAQABAAAAACH5BAEKAAEALAAAAAABAAEAAAICTAEAOw==',0),(153,'\rİffet\r',2,'https://www.startv.com.tr/video/arsiv/dizi/iffet','data:image/gif;base64,R0lGODlhAQABAAAAACH5BAEKAAEALAAAAAABAAEAAAICTAEAOw==',0),(154,'\rAy Tutulması\r ',2,'https://www.startv.com.tr/video/arsiv/dizi/aytutulmasi','data:image/gif;base64,R0lGODlhAQABAAAAACH5BAEKAAEALAAAAAABAAEAAAICTAEAOw==',0),(155,'\rAnneler ile Kızları\r',2,'https://www.startv.com.tr/video/arsiv/dizi/annelerilekizlari','data:image/gif;base64,R0lGODlhAQABAAAAACH5BAEKAAEALAAAAAABAAEAAAICTAEAOw==',0),(156,'\rSihirli Annem ',2,'https://www.startv.com.tr/video/arsiv/dizi/sihirliannem','data:image/gif;base64,R0lGODlhAQABAAAAACH5BAEKAAEALAAAAAABAAEAAAICTAEAOw==',0),(157,'\rCennetin Sırları\r',2,'https://www.startv.com.tr/video/arsiv/dizi/cennetinsirlari','data:image/gif;base64,R0lGODlhAQABAAAAACH5BAEKAAEALAAAAAABAAEAAAICTAEAOw==',0),(158,'\rİzmir Çetesi\r',2,'https://www.startv.com.tr/video/arsiv/dizi/izmircetesi','data:image/gif;base64,R0lGODlhAQABAAAAACH5BAEKAAEALAAAAAABAAEAAAICTAEAOw==',0),(159,'\rSırat\r',2,'https://www.startv.com.tr/video/arsiv/dizi/sirat','data:image/gif;base64,R0lGODlhAQABAAAAACH5BAEKAAEALAAAAAABAAEAAAICTAEAOw==',0),(160,'\rKüçük Sırlar\r',2,'https://www.startv.com.tr/video/arsiv/dizi/kucuksirlar','data:image/gif;base64,R0lGODlhAQABAAAAACH5BAEKAAEALAAAAAABAAEAAAICTAEAOw==',0),(161,'\rGeniş Aile\r',2,'https://www.startv.com.tr/video/arsiv/dizi/genisaile','data:image/gif;base64,R0lGODlhAQABAAAAACH5BAEKAAEALAAAAAABAAEAAAICTAEAOw==',0),(162,'\rBehzat Ç.\r',2,'https://www.startv.com.tr/video/arsiv/dizi/behzatc','data:image/gif;base64,R0lGODlhAQABAAAAACH5BAEKAAEALAAAAAABAAEAAAICTAEAOw==',0),(163,'\rUmut Yolcuları\r',2,'https://www.startv.com.tr/video/arsiv/dizi/umutyolculari','data:image/gif;base64,R0lGODlhAQABAAAAACH5BAEKAAEALAAAAAABAAEAAAICTAEAOw==',0),(164,'\rAteşe Yürümek\r',2,'https://www.startv.com.tr/video/arsiv/dizi/ateseyurumek','data:image/gif;base64,R0lGODlhAQABAAAAACH5BAEKAAEALAAAAAABAAEAAAICTAEAOw==',0),(165,'\rKüçük Kadınlar\r',2,'https://www.startv.com.tr/video/arsiv/dizi/kucukkadinlar','data:image/gif;base64,R0lGODlhAQABAAAAACH5BAEKAAEALAAAAAABAAEAAAICTAEAOw==',0),(166,'\rCümbür Cemaat Aile\r',2,'https://www.startv.com.tr/video/arsiv/dizi/cumburcemaataile','data:image/gif;base64,R0lGODlhAQABAAAAACH5BAEKAAEALAAAAAABAAEAAAICTAEAOw==',0),(167,'\rİhanet\r',2,'https://www.startv.com.tr/video/arsiv/dizi/ihanet','data:image/gif;base64,R0lGODlhAQABAAAAACH5BAEKAAEALAAAAAABAAEAAAICTAEAOw==',0),(168,'\rMakber\r',2,'https://www.startv.com.tr/video/arsiv/dizi/makber','data:image/gif;base64,R0lGODlhAQABAAAAACH5BAEKAAEALAAAAAABAAEAAAICTAEAOw==',0),(169,'\rMaskeli Balo\r',2,'https://www.startv.com.tr/video/arsiv/dizi/maskelibalo','data:image/gif;base64,R0lGODlhAQABAAAAACH5BAEKAAEALAAAAAABAAEAAAICTAEAOw==',0),(170,'\rBenim Annem Bir Melek\r',2,'https://www.startv.com.tr/video/arsiv/dizi/benimannembirmelek','data:image/gif;base64,R0lGODlhAQABAAAAACH5BAEKAAEALAAAAAABAAEAAAICTAEAOw==',0),(171,'\rAile Reisi\r',2,'https://www.startv.com.tr/video/arsiv/dizi/ailereisi','data:image/gif;base64,R0lGODlhAQABAAAAACH5BAEKAAEALAAAAAABAAEAAAICTAEAOw==',0),(172,'\rPapatyam\r',2,'https://www.startv.com.tr/video/arsiv/dizi/papatyam','data:image/gif;base64,R0lGODlhAQABAAAAACH5BAEKAAEALAAAAAABAAEAAAICTAEAOw==',0),(173,'\rSon Bahar\r',2,'https://www.startv.com.tr/video/arsiv/dizi/sonbahar','data:image/gif;base64,R0lGODlhAQABAAAAACH5BAEKAAEALAAAAAABAAEAAAICTAEAOw==',0),(174,'\rBaba Ocağı\r',2,'https://www.startv.com.tr/video/arsiv/dizi/babaocagi','data:image/gif;base64,R0lGODlhAQABAAAAACH5BAEKAAEALAAAAAABAAEAAAICTAEAOw==',0),(175,'\rNursel\'in Konukları\r',1,'https://www.startv.com.tr/video/arsiv/program/nurselin-konuklari','data:image/gif;base64,R0lGODlhAQABAAAAACH5BAEKAAEALAAAAAABAAEAAAICTAEAOw==',0),(176,'\rAvrupa\'dan Anadolu\'ya\r',1,'https://www.startv.com.tr/video/arsiv/program/avrupadan-anadoluya','data:image/gif;base64,R0lGODlhAQABAAAAACH5BAEKAAEALAAAAAABAAEAAAICTAEAOw==',0),(177,'\rÖzlem Denizmen\'le Kadınca\r',1,'https://www.startv.com.tr/video/arsiv/program/ozlem-denizmenle-kadinca','data:image/gif;base64,R0lGODlhAQABAAAAACH5BAEKAAEALAAAAAABAAEAAAICTAEAOw==',0),(178,'\rZuhal Topal\'la\r',1,'https://www.startv.com.tr/video/arsiv/program/zuhal-topalla','data:image/gif;base64,R0lGODlhAQABAAAAACH5BAEKAAEALAAAAAABAAEAAAICTAEAOw==',0),(179,'\rİlker Ayrık\'la Var mısınız Yok musunuz\r',1,'https://www.startv.com.tr/video/arsiv/program/ilker-ayrikla-var-misiniz-yok-musunuz','data:image/gif;base64,R0lGODlhAQABAAAAACH5BAEKAAEALAAAAAABAAEAAAICTAEAOw==',0),(180,'\rMüdür Ne\'aptın?\r',1,'https://www.startv.com.tr/video/arsiv/program/mudur-neaptin','data:image/gif;base64,R0lGODlhAQABAAAAACH5BAEKAAEALAAAAAABAAEAAAICTAEAOw==',0),(181,'\rSahrap\'la Bir Yemek Masalı\r',1,'https://www.startv.com.tr/video/arsiv/program/sahrapla-bir-yemek-masali','data:image/gif;base64,R0lGODlhAQABAAAAACH5BAEKAAEALAAAAAABAAEAAAICTAEAOw==',0),(182,'\rSahrap\'la Ramazan Sofrası\r',1,'https://www.startv.com.tr/video/arsiv/program/sahrapla-ramazan-sofrasi','data:image/gif;base64,R0lGODlhAQABAAAAACH5BAEKAAEALAAAAAABAAEAAAICTAEAOw==',0),(183,'\rKenan Erçetingöz\'le Yüz Yüze\r',1,'https://www.startv.com.tr/video/arsiv/program/kenan-ercetingozle-yuz-yuze','data:image/gif;base64,R0lGODlhAQABAAAAACH5BAEKAAEALAAAAAABAAEAAAICTAEAOw==',0),(184,'\rStar\'da Altın Günü\r',1,'https://www.startv.com.tr/video/arsiv/program/stardaaltingunu','data:image/gif;base64,R0lGODlhAQABAAAAACH5BAEKAAEALAAAAAABAAEAAAICTAEAOw==',0),(185,'\rTürkiye\'nin Kahramanları\r',1,'https://www.startv.com.tr/video/arsiv/program/turkiyeninkahramanlari','data:image/gif;base64,R0lGODlhAQABAAAAACH5BAEKAAEALAAAAAABAAEAAAICTAEAOw==',0),(186,'\rDürüye\'nin Güğümleri\r',2,'https://www.startv.com.tr/video/arsiv/dizi/duruyeningugumleri','data:image/gif;base64,R0lGODlhAQABAAAAACH5BAEKAAEALAAAAAABAAEAAAICTAEAOw==',0),(187,'Azize',4,'https://www.kanald.com.tr/azize','//s.kanald.com.tr/ps/kanald/70/225x318/5d84cea8e94fb72874f18c68',0),(188,'Afili Aşk',4,'https://www.kanald.com.tr/afili-ask','//s.kanald.com.tr/ps/kanald/70/225x318/5d80da0d7470f72ff8cd102c',0),(189,'Zalim İstanbul',4,'https://www.kanald.com.tr/zalim-istanbul','//s.kanald.com.tr/ps/kanald/70/225x318/5c98b913d66c7e2aa0271d53',0),(190,'Arka Sokaklar',4,'https://www.kanald.com.tr/arka-sokaklar','//s.kanald.com.tr/ps/kanald/70/225x318/5d6e59ac04207c0804f19db3',0),(191,'Çocuklar Duymasın',4,'https://www.kanald.com.tr/cocuklar-duymasin','//s.kanald.com.tr/ps/kanald/70/225x318/5b72e855d66c7e0d980d0378',0),(192,'Yaralı Kuşlar',4,'https://www.kanald.com.tr/yarali-kuslar','//s.kanald.com.tr/ps/kanald/70/225x318/5c91e08dd6a3cc2534519e43',0),(193,'Bir Bulut Olsam',4,'https://www.kanald.com.tr/birbulutolsam','//s.kanald.com.tr/ps/kanald/100/350x150/54731c8cae78490e6c0b4a46.jpg',0),(194,'Siyah Beyaz Aşk',4,'https://www.kanald.com.tr/siyah-beyaz-ask','//s.kanald.com.tr/ps/kanald/100/350x150/54731c8cae78490e6c0b4a46.jpg',0),(195,'Koca Koca Yalanlar',4,'https://www.kanald.com.tr/koca-koca-yalanlar','//s.kanald.com.tr/ps/kanald/100/350x150/54731c8cae78490e6c0b4a46.jpg',0),(196,'Poyraz Karayel',4,'https://www.kanald.com.tr/poyraz-karayel','//s.kanald.com.tr/ps/kanald/100/350x150/54731c8cae78490e6c0b4a46.jpg',0),(197,'Güneşin Kızları',4,'https://www.kanald.com.tr/gunesin-kizlari','//s.kanald.com.tr/ps/kanald/100/350x150/54731c8cae78490e6c0b4a46.jpg',0),(198,'Hayat Şarkısı',4,'https://www.kanald.com.tr/hayat-sarkisi','//s.kanald.com.tr/ps/kanald/100/350x150/54731c8cae78490e6c0b4a46.jpg',0),(199,'Vatanım Sensin',4,'https://www.kanald.com.tr/vatanim-sensin','//s.kanald.com.tr/ps/kanald/100/350x150/54731c8cae78490e6c0b4a46.jpg',0),(200,'Sihirli Annem',4,'https://www.kanald.com.tr/sihirli-annem','//s.kanald.com.tr/ps/kanald/100/350x150/54731c8cae78490e6c0b4a46.jpg',0),(201,'Tatlı İntikam',4,'https://www.kanald.com.tr/tatli-intikam','//s.kanald.com.tr/ps/kanald/100/350x150/54731c8cae78490e6c0b4a46.jpg',0),(202,'Galip Derviş',4,'https://www.kanald.com.tr/galip-dervis','//s.kanald.com.tr/ps/kanald/100/350x150/54731c8cae78490e6c0b4a46.jpg',0),(203,'Güneşi Beklerken',4,'https://www.kanald.com.tr/gunesibeklerken','//s.kanald.com.tr/ps/kanald/100/350x150/54731c8cae78490e6c0b4a46.jpg',0),(204,'Bodrum Masalı',4,'https://www.kanald.com.tr/bodrum-masali','//s.kanald.com.tr/ps/kanald/100/350x150/54731c8cae78490e6c0b4a46.jpg',0),(215,'Benimle Söyle',3,'https://www.kanald.com.tr/benimle-soyle','//s.kanald.com.tr/ps/kanald/70/225x318/5cc84574d66c7e37e04897ae',0),(216,'Çok Güzel Hareketler 2',3,'https://www.kanald.com.tr/cok-guzel-hareketler-2','//s.kanald.com.tr/ps/kanald/70/225x318/5c5af23fe50aa9251829b8ac',0),(217,'Neler Oluyor Hayatta?',3,'https://www.kanald.com.tr/neler-oluyor-hayatta','//s.kanald.com.tr/ps/kanald/70/225x318/5d9f2d40267899127084d5c2',0),(218,'Müge ve Gülşen\'le 2. Sayfa',3,'https://www.kanald.com.tr/muge-ve-gulsenle-2-sayfa','//s.kanald.com.tr/ps/kanald/70/225x318/5bd2df32d6a3cc148c51e379',0),(219,'Gelinim Mutfakta',3,'https://www.kanald.com.tr/gelinim-mutfakta','//s.kanald.com.tr/ps/kanald/70/225x318/5c6d427ce94fb7094c664513',0),(220,'Arda ile Omuz Omuza',3,'https://www.kanald.com.tr/arda-ile-omuz-omuza','//s.kanald.com.tr/ps/kanald/70/225x318/5c11176b7470f730ac0f7a9f',0),(221,'Ayhan Sicimoğlu ile Renkler',3,'https://www.kanald.com.tr/ayhan-sicimoglu-ile-renkler','//s.kanald.com.tr/ps/kanald/70/225x318/5c548efbd6a3cc0ea41fef8f',0),(222,'Arda\'nın Mutfağı',3,'https://www.kanald.com.tr/ardanin-mutfagi','//s.kanald.com.tr/ps/kanald/70/225x318/5baddeccd6a3cc1f303a52dd',0),(223,'Beşinci Tat',3,'https://www.kanald.com.tr/besinci-tat','//s.kanald.com.tr/ps/kanald/70/225x318/5da07f6ce94fb73b9c3d187d',0),(224,'Sağlıklı Pazarlar',3,'https://www.kanald.com.tr/saglikli-pazarlar','//s.kanald.com.tr/ps/kanald/70/225x318/5d3564822678990634b4a937',0),(225,'Çarkıfelek',3,'https://www.kanald.com.tr/carkifelek','//s.kanald.com.tr/ps/kanald/70/225x318/5b1fd6676ce4362008df1456',0),(226,'Buket Aydın\'la Kanal D Haber',3,'https://www.kanald.com.tr/buket-aydinla-kanal-d-haber','//s.kanald.com.tr/ps/kanald/70/225x318/5bf56c4104207c1ed4da37cf',0),(227,'Magazin D Cumartesi',3,'https://www.kanald.com.tr/magazin-d-cumartesi','//s.kanald.com.tr/ps/kanald/70/225x318/5b87d7e1d66c7e283487a052',0),(228,'Magazin D Pazar',3,'https://www.kanald.com.tr/magazin-d-pazar','//s.kanald.com.tr/ps/kanald/70/225x318/5b87d930e50aa913e4eb5373',0),(229,'Kanal D Haber Hafta Sonu',3,'https://www.kanald.com.tr/kanal-d-haber-hafta-sonu','//s.kanald.com.tr/ps/kanald/70/225x318/5d80e1499850b91d98f0d035',0),(230,'M. Fatih Çıtlak ile Huzur Vakti',3,'https://www.kanald.com.tr/m-fatih-citlak-ile-huzur-vakti','//s.kanald.com.tr/ps/kanald/70/225x318/5bae8db4e50aa91a4c471781',0),(231,'Eylül Öztürk ile Hey Anne',3,'https://www.kanald.com.tr/eylul-ozturk-ile-hey-anne','//s.kanald.com.tr/ps/kanald/70/225x318/5cc6e951267899338c9b8b49',0),(232,'Hayat Sağlıklı Güzel',3,'https://www.kanald.com.tr/hayat-saglikli-guzel','//s.kanald.com.tr/ps/kanald/70/225x318/5c5e8bcbd668402b8838fcbe',0),(233,'Son Moda',3,'https://www.kanald.com.tr/son-moda','//s.kanald.com.tr/ps/kanald/70/225x318/5bae23a0d66840128ce0063b',0),(234,'Kısmetse Olur',3,'https://www.kanald.com.tr/kismetse-olur','//s.kanald.com.tr/ps/kanald/100/350x150/54731c8cae78490e6c0b4a46.jpg',0),(235,'Ben Bilmem Eşim Bilir',3,'https://www.kanald.com.tr/ben-bilmem-esim-bilir','//s.kanald.com.tr/ps/kanald/100/350x150/54731c8cae78490e6c0b4a46.jpg',0),(236,'Arkadaşım Hoşgeldin',3,'https://www.kanald.com.tr/arkadasim-hosgeldin','//s.kanald.com.tr/ps/kanald/100/350x150/54731c8cae78490e6c0b4a46.jpg',0),(237,'Şeffaf Oda',3,'https://www.kanald.com.tr/seffafoda','//s.kanald.com.tr/ps/kanald/100/350x150/54731c8cae78490e6c0b4a46.jpg',0),(238,'Bana Her Şey Yakışır',3,'https://www.kanald.com.tr/banaherseyyakisir','//s.kanald.com.tr/ps/kanald/100/350x150/54731c8cae78490e6c0b4a46.jpg',0),(239,'Mutfağım',3,'https://www.kanald.com.tr/mutfagim','//s.kanald.com.tr/ps/kanald/100/350x150/54731c8cae78490e6c0b4a46.jpg',0),(240,'Yaparsın Aşkım',5,'https://www.fox.com.tr/Yaparsin-Askim','/Programlar/Yaparsin-Askim/Yaparsin-Askim-cover-photo-29e7aec5-0bd5-4a51-baca-fc39459a8192-mpositioned-640x360.jpg',0),(241,'El Ver Hayata Atılsın',5,'https://www.fox.com.tr/El-Ver-Hayata-Atilsin','/Programlar/El-Ver-Hayata-Atilsin/El-Ver-Hayata-Atilsin-cover-photo-0e0a9ec4-e420-44a3-8be7-049ee1f9c3be-mpositioned-640x360.jpg',0),(242,'Engelsiz İzle',5,'https://www.fox.com.tr/Engelsiz-Izle','/Programlar/Engelsiz-Izle/Engelsiz-Izle-cover-photo-589f6ad2-d787-4138-96da-1a272d8720d5-mpositioned-640x360.jpg',0),(243,'Rıfat Yüzüak ile Kadrajda Makyaj',5,'https://www.fox.com.tr/Rifat-Yuzuak-ile-Kadrajda-Makyaj','/Programlar/Rifat-Yuzuak-ile-Kadrajda-Makyaj/Rifat-Yuzuak-ile-Kadrajda-Makyaj-cover-photo-a367760f-e3b3-4250-aea3-a7f48facd79f-mpositioned-640x360.jpg',0),(244,'FOXFest',5,'https://www.fox.com.tr/FOXFest','/Programlar/FOXFest/FOXFest-cover-photo-b5c38305-e1f2-4a99-97b1-925cd5ccfa22-mpositioned-640x360.jpg',0),(245,'FOX Gaming',5,'https://www.fox.com.tr/FOX-Gaming','/Programlar/FOX-Gaming/FOX-Gaming-cover-photo-7cb56339-49fa-4f5f-8618-6296fa7e9517-mpositioned-640x360.jpg',0),(246,'Zuhal Topal\'la Sofrada',5,'https://www.fox.com.tr/Zuhal-Topal-la-Sofrada','/Programlar/Zuhal-Topal-la-Sofrada/Zuhal-Topal-la-Sofrada-cover-photo-5281f719-6cb3-4073-8510-4f707a86d7bb-mpositioned-640x360.jpg',0),(247,'Çağla ile Yeni Bir Gün',5,'https://www.fox.com.tr/Cagla-ile-Yeni-Bir-Gun','/Programlar/Cagla-ile-Yeni-Bir-Gun/Cagla-ile-Yeni-Bir-Gun-cover-photo-abb6119e-00cc-4bb9-8260-bb86c95bbbf4-mpositioned-640x360.jpg',0),(248,'Bu Sene Çok FOX',5,'https://www.fox.com.tr/Bu-Sene-Cok-FOX','/Programlar/Bu-Sene-Cok-FOX/Bu-Sene-Cok-FOX-cover-photo-f17887ea-257d-448b-89cc-18ff0f5e5a43-mpositioned-640x360.jpg',0),(249,'Fatih Savaş ile Sohbet Gecesi',5,'https://www.fox.com.tr/Fatih-Savas-ile-Sohbet-Gecesi','/Programlar/Fatih-Savas-ile-Sohbet-Gecesi/Fatih-Savas-ile-Sohbet-Gecesi-cover-photo-71040bbf-87c4-48dc-9330-605f784fe77c-mpositioned-640x360.jpg',0),(250,'FOXplay',5,'https://www.fox.com.tr/FOXPlay','/Programlar/FOXPlay/FOXPlay-cover-photo-ff0fc20c-7b91-48c4-a2cc-f6a173c65d52-mpositioned-640x360.jpg',0),(251,'Dünya Avucunuzda',5,'https://www.fox.com.tr/Dunya-Avucunuzda','/Programlar/Dunya-Avucunuzda/Dunya-Avucunuzda-cover-photo-0fda6db4-f0fc-45c3-9c2e-1c84688ce36e-mpositioned-640x360.jpg',0),(252,'Yakında FOX\'ta',5,'https://www.fox.com.tr/Yakinda-FOX-ta','/Programlar/Yakinda-FOX-ta/photos1494426830-1920-600-mpositioned-640x360.jpg',0),(253,'FOX Seçim 2019',5,'https://www.fox.com.tr/FOX-Secim-2019','/Programlar/FOX-Secim-2019/FOX-Secim-2019-cover-photo-634275ef-777e-441d-b500-eb67278842f9-mpositioned-640x360.jpg',0),(254,'The Taste Türkiye',5,'https://www.fox.com.tr/The-Taste-Turkiye','/Programlar/The-Taste-Turkiye/The-Taste-Turkiye-cover-photo-017bb579-973c-46b0-aead-65a5e7d161f1-mpositioned-640x360.jpg',0),(255,'Efsane Aile',5,'https://www.fox.com.tr/Efsane-Aile','/Programlar/Efsane-Aile/Efsane-Aile-cover-photo-c19203e6-442d-415b-a207-71c052bef3d1-mpositioned-640x360.jpg',0),(256,'Hayat Sensin',5,'https://www.fox.com.tr/Hayat-Sensin','/Programlar/Hayat-Sensin/Hayat-Sensin-cover-photo-8a71aadd-a7e2-41d6-bd90-9bfb21b0a67a-mpositioned-640x360.jpg',0),(257,'25 Litre',5,'https://www.fox.com.tr/25-Litre','/Programlar/25-Litre/25-Litre-cover-photo-e4bc71ff-c3bb-4286-a69b-9e3c0ed37e0e-mpositioned-640x360.jpg',0),(258,'Hayran Olunacak Kadınlar',5,'https://www.fox.com.tr/Hayran-Olunacak-Kadinlar','/Programlar/Hayran-Olunacak-Kadinlar/Hayran-Olunacak-Kadinlar-cover-photo-3b040ab2-7e31-42c1-8eef-bd76cb7b8b71-mpositioned-640x360.jpg',0),(259,'15 Temmuz Özel',5,'https://www.fox.com.tr/15-Temmuz-Ozel','/Programlar/15-Temmuz-Ozel/15-Temmuz-Ozel-cover-photo-b21ac079-380e-4785-9c27-aafa81dfd4a9-mpositioned-640x360.jpg',0),(260,'Temizlik Benim İşim',5,'https://www.fox.com.tr/Temizlik-Benim-Isim','/Programlar/Temizlik-Benim-Isim/Temizlik-Benim-Isim-cover-photo-9d25ee26-2e9c-4976-a35c-86aff9149ea1-mpositioned-640x360.jpg',0),(261,'Merve Yıldırım ile Benden Söylemesi',5,'https://www.fox.com.tr/Benden-Soylemesi','/Programlar/Benden-Soylemesi/Benden-Soylemesi-cover-photo-cae28678-46d5-4bc3-b001-2711b5c75c50-mpositioned-640x360.jpg',0),(262,'FOX Haber',5,'https://www.fox.com.tr/FOX-Haber','/Programlar/FOX-Haber/FOX-Haber-cover-photo-beff43c5-586a-4fce-919d-6d3f99ad77c8-mpositioned-640x360.jpg',0),(263,'SineFOX',5,'https://www.fox.com.tr/SineFOX','/Programlar/SineFOX/SineFOX-cover-photo-e23b4faa-50df-4e0b-a098-62029365b6ca-mpositioned-640x360.jpg',0),(264,'Memet Özer ile Mutfakta',5,'https://www.fox.com.tr/Memet-Ozer-ile-Mutfakta','/Programlar/Memet-Ozer-ile-Mutfakta/Memet-Ozer-ile-Mutfakta-cover-photo-2c657b3a-03c9-4945-854e-247a53c0b748-mpositioned-640x360.jpg',0),(265,'Kadın',6,'https://www.fox.com.tr/Kadin','/Programlar/Kadin/Kadin-cover-photo-cd8c73ee-a1ed-4b11-b146-79de81d43fb2-mpositioned-640x360.jpg',0),(266,'Yasak Elma',6,'https://www.fox.com.tr/Yasak-Elma','/Programlar/Yasak-Elma/Yasak-Elma-cover-photo-28fc4cd2-efb2-4464-a074-d26a0935d0ae-mpositioned-640x360.jpg',0),(267,'Savaşçı',6,'https://www.fox.com.tr/Savasci','/Programlar/Savasci/Savasci-cover-photo-4662407f-9cb2-4df1-b33c-8d36a04ee68b-mpositioned-640x360.jpg',0),(268,'Bir Aile Hikayesi',6,'https://www.fox.com.tr/Bir-Aile-Hikayesi','/Programlar/Bir-Aile-Hikayesi/Bir-Aile-Hikayesi-cover-photo-7e6102a4-476c-4001-9c4c-ee4aa06a5e6a-mpositioned-640x360.jpg',0),(269,'Her Yerde Sen',6,'https://www.fox.com.tr/Her-Yerde-Sen','/Programlar/Her-Yerde-Sen/Her-Yerde-Sen-cover-photo-f24c039e-96f5-44d6-a884-8f10183041fb-mpositioned-640x360.jpg',0),(270,'Mucize Doktor',6,'https://www.fox.com.tr/Mucize-Doktor','/Programlar/Mucize-Doktor/Mucize-Doktor-cover-photo-6268b01e-d13a-4062-892b-dc7e28764780-mpositioned-640x360.jpg',0),(271,'GORBİ',6,'https://www.fox.com.tr/GORBI','/Programlar/GORBI/GORBI-cover-photo-fd0ea68a-da74-46df-804f-1bd99f6cccfa-mpositioned-640x360.jpg',0),(272,'Kurşun',6,'https://www.fox.com.tr/Kursun','/Programlar/Kursun/Kursun-cover-photo-08c24f68-2bfa-4ef0-8a43-371c2c348d8e-mpositioned-640x360.jpg',0),(273,'Zahide Yetiş\'le',7,'https://www.showtv.com.tr/programlar/tanitim/zahide-yetisle/1551','https://mo.ciner.com.tr/showtv/iu/1070x600/zahide-yetisle.jpg?v=1569495056',0),(274,'Kuaförüm Sensin',7,'https://www.showtv.com.tr/programlar/tanitim/kuaforum-sensin/2500','https://mo.ciner.com.tr/showtv/iu/1070x600/kuaforum-sensin.jpg?v=1568812240',0),(275,'Güldür Güldür Show',7,'https://www.showtv.com.tr/programlar/tanitim/guldur-guldur/1534','https://mo.ciner.com.tr/showtv/iu/1070x600/guldur-guldur.jpg?v=1570828913',0),(276,'Damat Bayıldı',7,'https://www.showtv.com.tr/programlar/tanitim/damat-bayildi/2589','https://mo.ciner.com.tr/showtv/iu/1070x600/damat-bayildi.jpg?v=1568721048',0),(277,'Kendine İyi Bak',7,'https://www.showtv.com.tr/programlar/tanitim/kendine-iyi-bak/1734','https://mo.ciner.com.tr/showtv/iu/1070x600/kendine-iyi-bak.jpg?v=1566981950',0),(278,'Hayat Güzeldir',7,'https://www.showtv.com.tr/programlar/tanitim/hayat-guzeldir/1980','https://mo.ciner.com.tr/showtv/iu/1070x600/hayat-guzeldir.jpg?v=1568720791',0),(279,'Cumartesi Sürprizi',7,'https://www.showtv.com.tr/programlar/tanitim/cumartesi-surprizi/1586','https://mo.ciner.com.tr/showtv/iu/1070x600/cumartesi-surprizi.jpg?v=1554121824',0),(280,'Pazar Sürprizi',7,'https://www.showtv.com.tr/programlar/tanitim/pazar-surprizi/1585','https://mo.ciner.com.tr/showtv/iu/1070x600/pazar-surprizi.jpg?v=1569185637',0),(281,'Zahide Yetiş ve Mustafa Karataş\'la',7,'https://www.showtv.com.tr/programlar/tanitim/zahide-yetis-ve-mustafa-karatasla-cuma-sabahi/1688','https://mo.ciner.com.tr/showtv/iu/1070x600/zahide-yetis-ve-mustafa-karatasla-cuma-sabahi.jpg?v=1568729430',0),(282,'Çukur',8,'https://www.showtv.com.tr/dizi/tanitim/cukur/2076','https://mo.ciner.com.tr/showtv/iu/1070x600/cukur.jpg?v=1571086225',0),(283,'Kuzey Yıldızı İlk Aşk',8,'https://www.showtv.com.tr/dizi/tanitim/kuzey-yildizi-ilk-ask/2595','https://mo.ciner.com.tr/showtv/iu/1070x600/kuzey-yildizi-ilk-ask.jpg?v=1571035889',0),(284,'Aşk Ağlatır',8,'https://www.showtv.com.tr/dizi/tanitim/ask-aglatir/2596','https://mo.ciner.com.tr/showtv/iu/1070x600/ask-aglatir.jpg?v=1571001207',0),(285,'Fİ',8,'https://www.showtv.com.tr/dizi/tanitim/fi/2208','https://mo.ciner.com.tr/showtv/iu/1070x600/fi.jpg?v=1570740475',0);

/*Table structure for table `users` */

DROP TABLE IF EXISTS `users`;

CREATE TABLE `users` (
  `id` int(11) NOT NULL AUTO_INCREMENT,
  `name` varchar(255) DEFAULT NULL,
  `password` varchar(255) DEFAULT NULL,
  `permission` int(11) DEFAULT NULL,
  `display_name` varchar(255) DEFAULT NULL,
  `cron_id` varchar(255) DEFAULT NULL,
  PRIMARY KEY (`id`)
) ENGINE=InnoDB AUTO_INCREMENT=3 DEFAULT CHARSET=utf8;

/*Data for the table `users` */

insert  into `users`(`id`,`name`,`password`,`permission`,`display_name`,`cron_id`) values (1,'administrator','123456',1,'Administrator','without_login'),(2,'melike','677228md',2,'Melike','');

/*Table structure for table `youtubes` */

DROP TABLE IF EXISTS `youtubes`;

CREATE TABLE `youtubes` (
  `id` int(11) NOT NULL AUTO_INCREMENT,
  `title` text,
  `keywords` text,
  `url` text,
  `thumbnail` text,
  `is_downloaded` int(1) DEFAULT '0',
  `filepath` varchar(255) DEFAULT NULL,
  `filename` varchar(255) DEFAULT NULL,
  `tv_series` int(11) DEFAULT NULL,
  `downloaded_at` int(11) DEFAULT NULL,
  PRIMARY KEY (`id`)
) ENGINE=InnoDB AUTO_INCREMENT=13 DEFAULT CHARSET=utf8;

/*Data for the table `youtubes` */

insert  into `youtubes`(`id`,`title`,`keywords`,`url`,`thumbnail`,`is_downloaded`,`filepath`,`filename`,`tv_series`,`downloaded_at`) values (12,'Çok Güzel Hareketler 2 | 29.Bölüm Tanıtım 2','Çok güzel hareketler bunlar 2','https://www.youtube.com/watch?v=HojUbgC1JHg','https://i.ytimg.com/vi/HojUbgC1JHg/hqdefault.jpg?sqp=-oaymwEjCPYBEIoBSFryq4qpAxUIARUAAAAAGAElAADIQj0AgKJDeAE=&rs=AOn4CLBDsClrGb7zgMyXg-tus_AKSKiQ5Q',1,'/home/xtreamcodes/iptv_xtream_codes/wwwdir/diziler/tv-programlari/cokguzel/','2.mp4',188,1573851765);

/*!40101 SET SQL_MODE=@OLD_SQL_MODE */;
/*!40014 SET FOREIGN_KEY_CHECKS=@OLD_FOREIGN_KEY_CHECKS */;
